{
  "rmse": 0.005949137523619206,
  "r2": 0.999105532412103,
  "importance": [
    [
      "vehicle_count",
      3184.0
    ],
    [
      "road_id",
      3055.0
    ],
    [
      "weather_factor",
      1284.0
    ],
    [
      "hour",
      592.0
    ],
    [
      "day_of_week",
      206.0
    ],
    [
      "event_factor",
      205.0
    ],
    [
      "road_capacity",
      138.0
    ]
  ]
}